City_ID,City,Country,Date,Lat,Lng,Max Temp,Humidity,Cloudiness,Wind Speed
0,Rikitea,PF,2022-11-28 01:49:25,-23.1203,-134.9692,76.08,70,32,7.47
1,Port Macquarie,AU,2022-11-28 01:45:06,-31.4333,152.9167,71.76,77,30,14.99
2,Busselton,AU,2022-11-28 01:49:26,-33.65,115.3333,70.0,41,0,9.31
3,Castro,BR,2022-11-28 01:49:26,-24.7911,-50.0119,59.02,97,99,10.02
4,Mudgee,AU,2022-11-28 01:49:26,-32.5943,149.5871,75.78,37,0,11.21
5,Kargalinskaya,RU,2022-11-28 01:49:27,43.7417,46.4792,43.83,78,100,5.75
6,San Cristobal,VE,2022-11-28 01:49:27,7.7669,-72.225,68.18,98,100,2.28
7,Avarua,CK,2022-11-28 01:49:27,-21.2078,-159.775,80.65,65,75,17.27
8,Ostrovnoy,RU,2022-11-28 01:49:28,68.0531,39.5131,25.3,86,100,23.02
9,Penzance,GB,2022-11-28 01:49:28,50.1186,-5.5371,52.48,77,10,26.84
10,Maceio,BR,2022-11-28 01:49:28,-9.6658,-35.7353,76.44,88,0,6.91
11,Jamestown,US,2022-11-28 01:47:09,42.097,-79.2353,48.02,79,100,12.66
12,Souillac,MU,2022-11-28 01:49:29,-20.5167,57.5167,70.18,83,75,2.3
13,Reo,BF,2022-11-28 01:49:29,12.3167,-2.4667,73.42,20,100,7.14
14,Dwarka,IN,2022-11-28 01:49:30,22.2394,68.9678,73.85,51,0,6.89
15,Birecik,TR,2022-11-28 01:49:30,37.0294,37.9903,47.41,74,94,4.94
16,Arraial Do Cabo,BR,2022-11-28 01:49:30,-22.9661,-42.0278,72.88,92,80,18.5
17,Whitehorse,CA,2022-11-28 01:46:11,60.7161,-135.0538,12.97,81,75,8.05
18,Ushuaia,AR,2022-11-28 01:49:31,-54.8,-68.3,53.26,54,20,6.91
19,Teknaf,BD,2022-11-28 01:49:31,20.8624,92.3058,77.14,68,16,2.64
20,Albany,US,2022-11-28 01:49:32,42.6001,-73.9662,48.72,93,100,4.5
21,Tiksi,RU,2022-11-28 01:44:53,71.6872,128.8694,-29.61,99,57,6.78
22,Laguna,US,2022-11-28 01:49:32,38.421,-121.4238,58.75,57,0,5.75
23,Goderich,CA,2022-11-28 01:46:11,43.7501,-81.7165,41.92,93,100,12.66
24,Hithadhoo,MV,2022-11-28 01:44:49,-0.6,73.0833,80.82,76,100,5.64
25,Vao,NC,2022-11-28 01:45:00,-22.6667,167.4833,76.32,81,30,17.0
26,Riyadh,SA,2022-11-28 01:44:52,24.6877,46.7219,60.94,38,8,3.11
27,Mataura,NZ,2022-11-28 01:49:33,-46.1927,168.8643,62.47,35,35,4.92
28,Hilo,US,2022-11-28 01:49:33,19.7297,-155.09,76.73,77,20,9.22
29,Punta Arenas,CL,2022-11-28 01:49:34,-53.15,-70.9167,53.71,58,0,8.05
30,Sao Filipe,CV,2022-11-28 01:49:34,14.8961,-24.4956,76.98,62,92,10.51
31,Saint-Philippe,RE,2022-11-28 01:49:34,-21.3585,55.7679,71.19,76,100,2.89
32,Taoudenni,ML,2022-11-28 01:45:33,22.6783,-3.9836,66.79,21,41,18.01
33,Vaini,TO,2022-11-28 01:49:35,-21.2,-175.2,84.36,79,75,12.66
34,Cherskiy,RU,2022-11-28 01:49:35,68.75,161.3,-13.58,97,100,4.45
35,Umm Lajj,SA,2022-11-28 01:49:36,25.0213,37.2685,75.27,51,100,2.93
36,Mar Del Plata,AR,2022-11-28 01:49:36,-38.0023,-57.5575,66.09,99,100,15.01
37,Atuona,PF,2022-11-28 01:49:36,-9.8,-139.0333,78.33,71,5,12.44
38,Mehamn,NO,2022-11-28 01:49:37,71.0357,27.8492,31.91,93,7,9.22
39,Klaksvik,FO,2022-11-28 01:49:37,62.2266,-6.589,49.12,85,80,29.62
40,Kedrovyy,RU,2022-11-28 01:49:37,56.1667,91.8167,-8.14,93,100,9.62
41,Broome,US,2022-11-28 01:49:38,42.2506,-75.833,47.01,88,100,9.22
42,Port Blair,IN,2022-11-28 01:49:38,11.6667,92.75,78.84,89,20,1.14
43,Oda,JP,2022-11-28 01:49:39,35.1833,132.5,56.17,54,2,9.22
44,Henties Bay,NA,2022-11-28 01:49:39,-22.116,14.2845,56.64,85,37,1.57
45,Sepolno Krajenskie,PL,2022-11-28 01:49:39,53.452,17.5317,35.74,93,88,6.85
46,Port Elizabeth,ZA,2022-11-28 01:44:56,-33.918,25.5701,65.1,93,40,9.22
47,Thompson,CA,2022-11-28 01:49:40,55.7435,-97.8558,19.56,93,75,5.75
48,Awbari,LY,2022-11-28 01:50:40,26.5921,12.7805,50.32,62,0,14.5
49,Ambulu,ID,2022-11-28 01:50:41,-8.345,113.6058,79.93,83,100,0.54
50,Ancud,CL,2022-11-28 01:48:24,-41.8697,-73.8203,55.65,85,100,1.19
51,Denpasar,ID,2022-11-28 01:50:40,-8.65,115.2167,82.06,83,40,3.44
52,Hermanus,ZA,2022-11-28 01:50:42,-34.4187,19.2345,63.81,80,60,19.71
53,Chokurdakh,RU,2022-11-28 01:50:42,70.6333,147.9167,-41.12,100,93,1.34
54,Vardo,NO,2022-11-28 01:50:42,70.3705,31.1107,31.98,86,53,19.57
55,New Norfolk,AU,2022-11-28 01:50:43,-42.7826,147.0587,62.1,54,100,7.0
56,Yeppoon,AU,2022-11-28 01:50:43,-23.1333,150.7333,87.58,59,93,11.3
57,San Patricio,US,2022-11-28 01:50:44,28.017,-97.5169,66.83,77,0,3.47
58,Khatanga,RU,2022-11-28 01:50:44,71.9667,102.5,-28.32,100,100,3.02
59,Kapaa,US,2022-11-28 01:50:45,22.0752,-159.319,78.78,74,40,8.05
60,Havoysund,NO,2022-11-28 01:50:45,70.9963,24.6622,35.83,85,27,7.16
61,Port Hedland,AU,2022-11-28 01:50:46,-20.3167,118.5667,86.05,66,40,10.36
62,Cabo San Lucas,MX,2022-11-28 01:50:46,22.8909,-109.9124,67.17,63,0,4.03
63,Behshahr,IR,2022-11-28 01:50:47,36.6923,53.5526,57.42,90,95,3.06
64,Naze,JP,2022-11-28 01:46:06,28.3667,129.4833,74.32,72,87,18.9
65,Kodiak,US,2022-11-28 01:50:47,57.79,-152.4072,29.71,59,75,0.0
66,Hasaki,JP,2022-11-28 01:50:48,35.7333,140.8333,55.29,62,100,9.66
67,Bluff,NZ,2022-11-28 01:50:48,-46.6,168.3333,62.8,66,60,9.01
68,Mount Gambier,AU,2022-11-28 01:50:49,-37.8333,140.7667,58.91,66,100,12.57
69,Constitucion,CL,2022-11-28 01:50:49,-35.3333,-72.4167,57.9,91,84,6.78
70,Lagoa,PT,2022-11-28 01:47:04,39.05,-27.9833,64.35,90,100,35.41
71,Aklavik,CA,2022-11-28 01:50:50,68.2191,-135.0107,-11.76,99,100,4.43
72,Hobart,AU,2022-11-28 01:50:50,-42.8794,147.3294,62.46,55,75,18.41
73,Huarmey,PE,2022-11-28 01:50:51,-10.0681,-78.1522,66.7,85,40,7.07
74,Qaanaaq,GL,2022-11-28 01:50:51,77.484,-69.3632,-9.99,72,69,6.35
75,Kollam,IN,2022-11-28 01:50:52,8.8833,76.6,77.02,84,57,3.94
76,Yellowknife,CA,2022-11-28 01:47:59,62.456,-114.3525,7.32,85,20,15.01
77,Anadyr,RU,2022-11-28 01:50:52,64.75,177.4833,23.5,80,20,13.42
78,Port Alfred,ZA,2022-11-28 01:50:53,-33.5906,26.891,61.18,94,53,11.95
79,Cap Malheureux,MU,2022-11-28 01:50:53,-19.9842,57.6142,71.47,78,49,1.99
80,Alice Springs,AU,2022-11-28 01:50:53,-23.7,133.8833,81.95,26,40,12.66
81,Clyde River,CA,2022-11-28 01:50:54,70.4692,-68.5914,-23.57,76,0,4.61
82,Bani,DO,2022-11-28 01:50:54,18.2833,-70.3333,74.64,85,8,10.98
83,North Bend,US,2022-11-28 01:50:55,43.4065,-124.2243,50.23,96,100,8.05
84,Sao Felix Do Xingu,BR,2022-11-28 01:50:55,-6.6447,-51.995,71.62,98,100,0.63
85,Valparaiso,CL,2022-11-28 01:48:50,-33.0393,-71.6273,61.48,100,53,0.83
86,Bredasdorp,ZA,2022-11-28 01:50:56,-34.5322,20.0403,60.6,90,24,9.71
87,Neuquen,AR,2022-11-28 01:50:56,-38.9516,-68.0591,85.89,42,75,11.5
88,Pisco,PE,2022-11-28 01:50:57,-13.7,-76.2167,68.05,83,100,12.66
89,Zhuanghe,CN,2022-11-28 01:50:57,39.7008,122.9911,40.06,94,100,15.23
90,Barrow,US,2022-11-28 01:50:58,71.2906,-156.7887,-2.18,84,100,9.22
91,Nikolskoye,RU,2022-11-28 01:50:58,59.7035,30.7861,24.69,96,100,4.97
92,Cao Bang,VN,2022-11-28 01:46:33,22.6667,106.25,75.51,92,96,3.33
93,Boryslav,UA,2022-11-28 01:50:59,49.2867,23.4324,30.81,92,96,2.3
94,Guerrero Negro,MX,2022-11-28 01:51:59,27.9769,-114.0611,62.62,68,0,8.88
95,Ponta Do Sol,PT,2022-11-28 01:52:00,32.6667,-17.1,70.0,79,26,4.72
96,Airai,TL,2022-11-28 01:52:00,-8.9266,125.4092,73.08,65,90,2.95
97,Lorengau,PG,2022-11-28 01:52:00,-2.0226,147.2712,82.92,74,87,4.76
98,Savalou,BJ,2022-11-28 01:52:01,7.9281,1.9756,79.3,70,81,3.29
99,Samarai,PG,2022-11-28 01:52:01,-10.6167,150.6667,86.13,66,93,3.58
100,Kawalu,ID,2022-11-28 01:52:01,-7.3817,108.2082,80.02,76,99,3.02
101,Ilulissat,GL,2022-11-28 01:52:02,69.2167,-51.1,5.18,81,71,6.2
102,Prado,BR,2022-11-28 01:52:02,-17.3411,-39.2208,73.8,97,100,8.08
103,Mahebourg,MU,2022-11-28 01:52:02,-20.4081,57.7,71.26,83,75,2.3
104,Imbituba,BR,2022-11-28 01:52:03,-28.24,-48.6703,67.78,91,71,6.64
105,Esperance,AU,2022-11-28 01:52:03,-33.8667,121.9,60.82,62,100,7.25
106,Beringovskiy,RU,2022-11-28 01:52:04,63.05,179.3167,28.18,74,100,24.02
107,Butaritari,KI,2022-11-28 01:52:04,3.0707,172.7902,81.72,72,56,9.1
108,Westport,US,2022-11-28 01:49:26,41.1415,-73.3579,61.77,90,100,16.11
109,Georgetown,MY,2022-11-28 01:49:35,5.4112,100.3354,82.33,87,20,5.75
110,Namatanai,PG,2022-11-28 01:52:05,-3.6667,152.4333,87.08,62,86,7.72
111,Dikson,RU,2022-11-28 01:52:05,73.5069,80.5464,10.53,98,100,4.85
112,Cidreira,BR,2022-11-28 01:52:05,-30.1811,-50.2056,69.93,85,2,14.63
113,Coutances,FR,2022-11-28 01:52:06,49.05,-1.4333,48.63,89,99,9.95
114,Kristiansund,NO,2022-11-28 01:52:06,63.1115,7.732,50.65,46,40,10.36
115,Lebu,CL,2022-11-28 01:52:06,-37.6167,-73.65,55.49,91,1,11.36
116,Labuhan,ID,2022-11-28 01:52:07,-6.8844,112.2051,82.98,73,100,7.81
117,Bethel,US,2022-11-28 01:52:07,41.3712,-73.414,59.49,89,100,9.22
118,Panzhihua,CN,2022-11-28 01:52:07,26.5851,101.7128,57.94,52,0,0.78
119,Jibuti,DJ,2022-11-28 01:50:46,11.5,42.5,68.13,85,70,10.69
120,Jertih,MY,2022-11-28 01:52:08,5.7336,102.4897,82.96,76,68,0.65
121,Wisconsin Rapids,US,2022-11-28 01:52:09,44.3836,-89.8174,32.29,84,0,0.0
122,Shimoda,JP,2022-11-28 01:52:09,34.6667,138.95,61.16,78,100,3.74
123,Hannibal,US,2022-11-28 01:52:09,39.7084,-91.3585,42.71,75,100,3.44
124,Kulhudhuffushi,MV,2022-11-28 01:52:10,6.6221,73.07,80.76,71,67,7.02
125,Boende,CD,2022-11-28 01:52:10,-0.2167,20.8667,69.19,92,99,0.81
126,Victoria,HK,2022-11-28 01:52:04,22.2855,114.1577,81.25,90,15,7.0
127,Sakakah,SA,2022-11-28 01:48:46,29.9697,40.2064,60.37,55,90,13.94
128,Barcelos,PT,2022-11-28 01:52:11,41.5388,-8.6151,48.92,86,6,3.44
129,Slave Lake,CA,2022-11-28 01:52:11,55.2834,-114.769,17.58,86,100,20.71
130,Halifax,CA,2022-11-28 01:51:58,44.6453,-63.5724,48.22,96,100,9.22
131,Upernavik,GL,2022-11-28 01:52:12,72.7868,-56.1549,12.6,83,100,4.92
132,Bosaso,SO,2022-11-28 01:52:12,11.2842,49.1816,74.97,81,31,2.42
133,Guarapari,BR,2022-11-28 01:52:13,-20.6667,-40.4975,73.06,95,100,9.31
134,Loreto,MX,2022-11-28 01:52:13,22.2667,-101.9667,57.42,25,0,3.44
135,Lavrentiya,RU,2022-11-28 01:52:14,65.5833,-171.0,10.62,93,69,4.7
136,Bara,NG,2022-11-28 01:52:14,10.3744,10.7288,66.27,24,72,5.95
137,Opuwo,NA,2022-11-28 01:52:15,-18.0607,13.84,62.01,28,2,2.04
138,Coari,BR,2022-11-28 01:52:15,-4.085,-63.1414,75.11,95,100,2.19
139,Bengkulu,ID,2022-11-28 01:53:15,-3.8004,102.2655,80.4,75,100,1.1
140,Humboldt,US,2022-11-28 01:53:16,40.6665,-123.9178,43.68,98,34,2.1
141,Luderitz,NA,2022-11-28 01:53:16,-26.6481,15.1594,58.6,95,20,7.52
142,Saint George,US,2022-11-28 01:53:17,37.1041,-113.5841,48.94,42,0,3.44
143,Saint-Joseph,RE,2022-11-28 01:53:17,-21.3667,55.6167,70.18,73,100,2.19
144,Pevek,RU,2022-11-28 01:53:17,69.7008,170.3133,-9.27,92,100,1.41
145,Torbay,CA,2022-11-28 01:53:18,47.6666,-52.7314,41.76,97,100,9.22
146,Banda Aceh,ID,2022-11-28 01:53:18,5.5577,95.3222,81.95,72,89,1.25
147,Batemans Bay,AU,2022-11-28 01:53:18,-35.7167,150.1833,63.1,88,96,6.49
148,Tuy Hoa,VN,2022-11-28 01:53:19,13.0833,109.3,81.01,79,62,1.19
149,Portland,US,2022-11-28 01:50:26,45.5234,-122.6762,44.62,94,100,1.99
150,Barao De Melgaco,BR,2022-11-28 01:53:19,-16.1944,-55.9675,78.51,34,2,2.24
151,Lotoshino,RU,2022-11-28 01:53:20,56.2267,35.6414,23.7,95,100,9.51
152,Yatou,CN,2022-11-28 01:53:20,37.15,122.3833,60.13,96,100,14.27
153,Zhanjiang,CN,2022-11-28 01:53:21,21.2815,110.3427,81.45,78,18,15.1
154,Tshane,BW,2022-11-28 01:53:21,-24.0196,21.8684,70.12,57,5,4.85
155,Nyurba,RU,2022-11-28 01:53:22,63.2842,118.3319,-22.45,95,48,8.19
156,Margate,GB,2022-11-28 01:53:22,51.3813,1.3862,48.69,97,100,1.01
157,Pavlodar,KZ,2022-11-28 01:52:04,52.3,76.95,-24.0,76,0,2.24
158,Talnakh,RU,2022-11-28 01:53:23,69.4865,88.3972,2.21,98,100,9.82
159,San Juan,AR,2022-11-28 01:49:23,-31.5375,-68.5364,88.11,24,100,16.69
160,Oranjemund,NA,2022-11-28 01:53:23,-28.55,16.4333,59.74,88,0,4.59
161,Atambua,ID,2022-11-28 01:53:24,-9.1061,124.8925,82.54,69,80,5.12
162,Killybegs,IE,2022-11-28 01:53:24,54.6333,-8.45,45.88,84,100,13.15
163,Avera,US,2022-11-28 01:53:24,33.194,-82.5271,60.31,65,0,12.71
164,Ribeira Grande,PT,2022-11-28 01:53:25,38.5167,-28.7,67.77,94,100,21.99
165,Carauari,BR,2022-11-28 01:53:25,-4.8828,-66.8958,72.45,98,100,2.66
166,Santo Tomas,PH,2022-11-28 01:53:25,14.1079,121.1414,87.57,63,34,8.93
167,Kahului,US,2022-11-28 01:53:26,20.8947,-156.47,77.97,81,40,9.22
168,Tuktoyaktuk,CA,2022-11-28 01:53:26,69.4541,-133.0374,-25.6,75,75,6.91
169,Kruisfontein,ZA,2022-11-28 01:53:27,-34.0033,24.7314,62.89,95,0,4.56
170,Korla,CN,2022-11-28 01:53:27,41.7597,86.1469,18.7,32,0,12.26
171,Petropavlovsk-Kamchatskiy,RU,2022-11-28 01:53:27,53.0452,158.6483,30.79,86,75,6.71
172,Sioux Lookout,CA,2022-11-28 01:53:28,50.1001,-91.917,26.67,68,100,4.61
173,Leeuwarden,NL,2022-11-28 01:53:28,53.2014,5.8086,44.01,97,100,9.22
174,Chuy,UY,2022-11-28 01:53:29,-33.6971,-53.4616,66.16,96,4,9.01
175,Contamana,PE,2022-11-28 01:53:29,-7.3333,-75.0167,73.13,92,100,2.46
176,East London,ZA,2022-11-28 01:53:30,-33.0153,27.9116,64.2,83,34,8.23
177,Bethlehem,BR,2022-11-28 01:52:34,-1.4558,-48.5044,80.64,78,40,6.91
178,Ulverstone,AU,2022-11-28 01:53:30,-41.15,146.1667,58.21,68,98,17.25
179,Sola,VU,2022-11-28 01:53:31,-13.8833,167.55,75.87,94,100,0.0
180,Torun,PL,2022-11-28 01:53:31,53.0137,18.5981,36.46,98,79,1.01
181,Camocim,BR,2022-11-28 01:48:55,-2.9022,-40.8411,78.37,79,100,10.65
182,Asosa,ET,2022-11-28 01:54:31,10.0667,34.5333,63.55,55,100,3.74
183,Carnarvon,AU,2022-11-28 01:54:32,-24.8667,113.6333,82.13,44,0,11.61
184,Natal,BR,2022-11-28 01:51:34,-5.795,-35.2094,79.45,83,75,10.36
185,Santa Lucia,ES,2022-11-28 01:52:47,27.9117,-15.5407,61.92,73,20,17.27
186,Esso,RU,2022-11-28 01:54:33,55.9333,158.7,30.97,97,100,3.02
187,Richards Bay,ZA,2022-11-28 01:54:33,-28.783,32.0377,67.68,81,89,7.11
188,Bulungu,CD,2022-11-28 01:54:33,-4.55,18.6,68.95,96,100,0.85
189,Hun,LY,2022-11-28 01:54:34,29.1268,15.9477,57.45,80,47,19.95
190,Malinovskiy,RU,2022-11-28 01:54:34,61.1953,62.8397,-3.78,98,84,3.22
191,Bayanday,RU,2022-11-28 01:54:34,53.0661,105.5139,-16.38,80,99,9.17
192,Hollola,FI,2022-11-28 01:54:35,61.05,25.4333,30.47,97,100,5.21
193,Ahipara,NZ,2022-11-28 01:54:35,-35.1667,173.1667,63.75,59,100,10.18
194,Pergamino,AR,2022-11-28 01:54:35,-33.89,-60.5736,76.12,53,0,14.03
195,Moose Factory,CA,2022-11-28 01:54:36,51.2585,-80.6094,23.0,93,0,6.91
196,Nanortalik,GL,2022-11-28 01:54:36,60.1432,-45.2371,28.35,88,88,7.63
197,Nepomuk,CZ,2022-11-28 01:54:37,49.4862,13.5823,32.72,80,99,6.64
198,Saskylakh,RU,2022-11-28 01:54:37,71.9167,114.0833,-22.95,100,100,4.14
199,Sabang,ID,2022-11-28 01:54:37,5.8933,95.3214,81.12,75,93,5.55
200,Bridgetown,BB,2022-11-28 01:54:35,13.1,-59.6167,81.09,69,40,20.71
201,Sainte-Anne-Des-Monts,CA,2022-11-28 01:54:38,49.124,-66.4924,35.47,87,100,8.05
202,Ligayan,PH,2022-11-28 01:54:38,4.6533,119.4706,82.65,70,90,2.93
203,Geraldton,AU,2022-11-28 01:54:39,-28.7667,114.6,90.01,20,0,11.5
204,Sitka,US,2022-11-28 01:54:39,57.0531,-135.33,30.36,73,15,4.43
205,Provideniya,RU,2022-11-28 01:54:39,64.3833,-173.3,21.31,79,100,11.18
206,Fortuna,US,2022-11-28 01:54:40,40.5982,-124.1573,50.99,85,75,5.75
207,Oyama,JP,2022-11-28 01:54:40,36.3,139.8,54.59,48,100,1.83
208,Chernyshevskiy,RU,2022-11-28 01:54:40,63.0128,112.4714,-16.85,95,100,9.42
209,College,US,2022-11-28 01:54:41,64.8569,-147.8028,8.58,87,100,0.0
210,Dunda,TZ,2022-11-28 01:54:41,-8.1167,34.25,66.16,66,35,1.59
211,Grindavik,IS,2022-11-28 01:54:41,63.8424,-22.4338,36.07,80,75,12.66
212,Katsuura,JP,2022-11-28 01:54:42,35.1333,140.3,63.43,69,100,10.89
213,Borovoy,RU,2022-11-28 01:54:42,55.4333,86.0833,-20.92,76,75,2.24
214,Anchorage,US,2022-11-28 01:54:06,61.2181,-149.9003,11.32,80,40,0.0
215,Am Timan,TD,2022-11-28 01:54:43,11.0297,20.2827,74.32,25,19,6.29
216,Pantai Remis,MY,2022-11-28 01:54:43,4.4557,100.6288,78.82,78,40,1.7
217,Basco,PH,2022-11-28 01:54:43,20.4487,121.9702,81.32,77,40,17.52
218,Iqaluit,CA,2022-11-28 01:54:44,63.7506,-68.5145,1.13,85,100,29.93
219,Benghazi,LY,2022-11-28 01:54:44,32.1167,20.0667,60.15,77,47,15.75
220,Shingu,JP,2022-11-28 01:54:45,33.7333,135.9833,65.28,57,97,2.75
221,Enshi,CN,2022-11-28 01:54:45,30.3,109.4833,64.51,91,100,2.68
222,Arman,RU,2022-11-28 01:54:45,59.7,150.1667,6.21,97,100,17.16
223,Plouzane,FR,2022-11-28 01:54:46,48.3833,-4.6167,51.85,87,75,14.97
224,Tasiilaq,GL,2022-11-28 01:54:46,65.6145,-37.6368,9.79,59,3,7.36
225,Narok,KE,2022-11-28 01:54:46,-1.0783,35.8601,55.38,90,39,3.83
226,Eureka,US,2022-11-28 01:54:47,40.8021,-124.1637,52.75,80,85,1.01
227,Vaitape,PF,2022-11-28 01:54:47,-16.5167,-151.75,79.34,73,16,11.88
228,El Alto,PE,2022-11-28 01:54:47,-4.2714,-81.2147,65.86,84,34,10.51
229,Buala,SB,2022-11-28 01:55:48,-8.145,159.5921,83.28,76,98,5.99
230,Itarema,BR,2022-11-28 01:55:23,-2.9248,-39.9167,78.64,78,98,12.88
231,Krasnokamensk,RU,2022-11-28 01:55:48,50.0979,118.0369,0.75,95,100,3.83
232,Komsomolskiy,UZ,2022-11-28 01:55:49,40.4272,71.7189,36.32,93,100,4.61
233,Yorosso,ML,2022-11-28 01:55:49,12.3536,-4.7761,72.93,18,100,6.11
234,Cape Town,ZA,2022-11-28 01:51:28,-33.9258,18.4232,67.37,67,0,5.99
235,Kysyl-Syr,RU,2022-11-28 01:55:50,63.8986,122.7617,-25.13,98,95,2.75
236,Rocha,UY,2022-11-28 01:55:50,-34.4833,-54.3333,64.65,96,0,9.15
237,Lukovo,MK,2022-11-28 01:55:50,41.3494,20.6047,33.98,94,100,4.56
238,Aswan,EG,2022-11-28 01:55:51,24.0934,32.907,65.5,48,0,0.0
239,Weinan,CN,2022-11-28 01:55:51,34.5036,109.5089,48.78,40,100,11.16
240,Kinsale,IE,2022-11-28 01:55:51,51.7075,-8.5306,45.77,87,40,9.22
241,Deputatskiy,RU,2022-11-28 01:55:52,69.3,139.9,-28.82,93,100,2.77
242,Egvekinot,RU,2022-11-28 01:55:52,66.3167,-179.1667,-1.77,76,32,4.27
243,Bilibino,RU,2022-11-28 01:55:53,68.0546,166.4372,-4.47,92,100,2.57
244,Faanui,PF,2022-11-28 01:55:53,-16.4833,-151.75,79.34,73,17,11.86
245,Bubaque,GW,2022-11-28 01:55:54,11.2833,-15.8333,82.17,57,100,8.37
246,Tyret Pervaya,RU,2022-11-28 01:55:54,53.6703,102.3106,-6.79,88,100,9.01
247,Jinchang,CN,2022-11-28 01:55:54,38.4953,102.1739,13.14,66,83,2.53
248,Isangel,VU,2022-11-28 01:55:55,-19.55,169.2667,87.91,66,25,8.05
249,Shawnee,US,2022-11-28 01:55:55,39.05,-95.7669,38.17,69,100,4.65
250,Padang,ID,2022-11-28 01:55:55,-0.9492,100.3543,82.44,66,100,0.83
251,Okha,RU,2022-11-28 01:55:56,53.5739,142.9478,19.49,82,100,19.64
252,Dalnegorsk,RU,2022-11-28 01:55:56,44.5604,135.5701,28.9,65,100,3.06
253,Yulara,AU,2022-11-28 01:55:56,-25.2406,130.9889,82.27,20,16,10.51
254,Salalah,OM,2022-11-28 01:55:57,17.0151,54.0924,74.64,38,54,4.0
255,Khani,GE,2022-11-28 01:55:57,41.9563,42.9566,36.97,86,57,3.42
256,Waingapu,ID,2022-11-28 01:55:57,-9.6567,120.2641,84.51,70,100,5.79
257,Matamoros,MX,2022-11-28 01:55:58,25.5333,-103.25,63.1,22,0,2.42
258,Ndjole,GA,2022-11-28 01:55:58,-0.1783,10.7649,73.09,98,100,0.43
259,Utena,LT,2022-11-28 01:55:59,55.5,25.6,24.94,98,97,2.46
260,Hambantota,LK,2022-11-28 01:55:59,6.1241,81.1185,73.74,100,20,2.3
261,Baykit,RU,2022-11-28 01:56:00,61.67,96.37,-9.11,97,100,4.21
262,Oum Hadjer,TD,2022-11-28 01:56:00,13.2954,19.6966,70.21,20,78,8.21
263,Parainen,FI,2022-11-28 01:56:00,60.3067,22.301,34.14,86,100,10.42
264,Sabha,LY,2022-11-28 01:56:01,27.0377,14.4283,52.18,63,4,16.11
265,Tres Arroyos,AR,2022-11-28 01:56:01,-38.3739,-60.2798,67.91,73,26,14.94
266,Vestmannaeyjar,IS,2022-11-28 01:56:02,63.4427,-20.2734,37.96,75,10,22.15
267,Chiang Khong,TH,2022-11-28 01:56:02,20.2613,100.4046,73.53,92,78,0.6
268,Santa Marta,CO,2022-11-28 01:51:45,11.2408,-74.199,81.9,79,100,4.61
269,Bardiyah,LY,2022-11-28 01:54:25,31.7561,25.0865,61.02,62,46,11.52
270,Sasaram,IN,2022-11-28 01:56:03,24.951,84.0149,62.35,44,0,1.92
271,Nortelandia,BR,2022-11-28 01:56:03,-14.4547,-56.8028,78.4,37,23,2.46
272,Pangkalanbuun,ID,2022-11-28 01:56:03,-2.6833,111.6167,88.25,57,32,3.24
273,Kavieng,PG,2022-11-28 01:57:04,-2.5744,150.7967,85.26,63,99,9.62
274,Odienne,CI,2022-11-28 01:57:04,9.51,-7.5692,71.31,33,100,2.95
275,Temiscaming,CA,2022-11-28 01:57:04,46.7212,-79.0971,33.35,93,100,9.22
276,Goure,NE,2022-11-28 01:57:05,13.9835,10.2704,63.55,27,7,8.59
277,Thiruvananthapuram,IN,2022-11-28 01:57:05,8.4833,76.9167,78.78,83,20,0.0
278,San Quintin,MX,2022-11-28 01:57:05,30.4833,-115.95,60.33,76,13,7.23
279,Poum,NC,2022-11-28 01:57:06,-20.2333,164.0167,79.48,80,74,18.05
280,Columbus,US,2022-11-28 01:53:53,39.9612,-82.9988,50.34,93,100,23.02
281,Cayenne,GF,2022-11-28 01:55:00,4.9333,-52.3333,73.44,94,0,0.0
282,Kendari,ID,2022-11-28 01:57:07,-3.945,122.4989,87.53,62,100,3.49
283,Watsa,CD,2022-11-28 01:57:08,3.0372,29.5355,61.63,98,100,2.64
284,Kieta,PG,2022-11-28 01:57:08,-6.2167,155.6333,83.46,79,81,7.81
285,Morondava,MG,2022-11-28 01:57:08,-20.2833,44.2833,76.39,76,2,8.12
286,Margasari,ID,2022-11-28 01:57:09,-7.1,109.0167,81.82,76,100,5.86
287,Norman Wells,CA,2022-11-28 01:57:09,65.282,-126.8329,-5.76,77,75,11.5
288,Caravelas,BR,2022-11-28 01:57:09,-17.7125,-39.2481,73.2,98,100,3.65
289,Touros,BR,2022-11-28 01:57:10,-5.1989,-35.4608,78.19,78,100,11.5
290,Severo-Kurilsk,RU,2022-11-28 01:53:58,50.6789,156.125,32.16,88,88,38.39
291,Asau,RO,2022-11-28 01:57:10,46.4333,26.4,33.28,97,100,2.53
292,Te Anau,NZ,2022-11-28 01:57:11,-45.4167,167.7167,57.96,61,46,7.94
293,Leningradskiy,RU,2022-11-28 01:57:11,69.3833,178.4167,-4.36,83,96,6.8
294,Ballina,AU,2022-11-28 01:57:11,-28.8667,153.5667,84.69,54,98,12.17
295,Tadine,NC,2022-11-28 01:57:12,-21.55,167.8833,80.96,70,92,8.57
296,Mehran,IR,2022-11-28 01:57:12,33.1222,46.1646,62.44,48,100,6.6
297,The Valley,AI,2022-11-28 01:54:56,18.217,-63.0578,80.1,83,20,8.05
298,Ust-Omchug,RU,2022-11-28 01:57:13,61.15,149.6333,-8.43,98,100,10.85
299,Qaqortoq,GL,2022-11-28 01:57:13,60.7167,-46.0333,25.3,83,96,8.12
300,Gazli,UZ,2022-11-28 01:57:13,40.1333,63.45,45.73,55,100,5.57
301,Saint-Augustin,CA,2022-11-28 01:57:14,51.226,-58.6502,32.86,90,100,9.24
302,Burgeo,CA,2022-11-28 01:57:14,47.6167,-57.6152,36.19,85,78,8.28
303,Bellavista,PE,2022-11-28 01:57:15,-7.0561,-76.5911,73.15,83,75,1.99
304,Krivosheino,RU,2022-11-28 01:57:15,57.3431,83.9261,-6.32,91,100,6.73
305,Merauke,ID,2022-11-28 01:55:06,-8.4667,140.3333,81.32,79,100,4.0
306,Fort Abbas,PK,2022-11-28 01:57:15,29.1925,72.8536,61.72,23,0,5.57
307,Orange,US,2022-11-28 01:57:16,33.7,-117.7675,64.53,80,100,5.08
308,Half Moon Bay,US,2022-11-28 01:57:16,37.4636,-122.4286,58.87,78,75,5.75
309,Zhongshu,CN,2022-11-28 01:57:17,24.5167,103.7667,60.46,81,90,10.25
310,Palmer,US,2022-11-28 01:53:00,42.1584,-72.3287,56.25,83,100,3.44
311,Oktyabrskoye,RU,2022-11-28 01:57:17,43.0645,44.7417,42.94,100,100,0.0
312,Kibala,TD,2022-11-28 01:57:17,9.1104,18.3463,67.95,88,0,0.0
313,Thinadhoo,MV,2022-11-28 01:57:18,0.5333,72.9333,80.33,76,76,5.41
314,Monterey,US,2022-11-28 01:57:18,36.2505,-121.2516,55.17,17,100,5.73
315,Nshamba,TZ,2022-11-28 01:57:19,-1.7983,31.5511,59.63,89,81,2.42
316,Vostok,RU,2022-11-28 01:57:19,46.4856,135.8833,16.79,74,100,2.33
317,Bud,US,2022-11-28 01:57:19,39.447,-86.1758,44.67,89,67,8.25
318,Palaikastron,GR,2022-11-28 01:58:20,35.2,26.25,59.56,85,100,6.73
319,Sao Miguel Do Araguaia,BR,2022-11-28 01:58:20,-13.275,-50.1628,72.59,90,99,4.85
320,Ulladulla,AU,2022-11-28 01:58:20,-35.35,150.4667,62.69,81,86,6.31
321,Kaitangata,NZ,2022-11-28 01:58:21,-46.2817,169.8464,59.4,59,26,10.78
322,Bouna,CI,2022-11-28 01:58:21,9.2667,-3.0,74.32,33,75,2.77
323,Bonavista,CA,2022-11-28 01:58:22,48.6499,-53.1147,38.8,96,100,15.43
324,Alofi,NU,2022-11-28 01:55:45,-19.0595,-169.9187,84.09,58,20,11.5
325,Sompeta,IN,2022-11-28 01:58:22,18.9333,84.6,69.94,52,12,5.1
326,Vila Franca Do Campo,PT,2022-11-28 01:58:23,37.7167,-25.4333,66.2,86,100,16.22
327,Sorong,ID,2022-11-28 01:58:23,-0.8833,131.25,84.2,71,85,6.04
328,Srednekolymsk,RU,2022-11-28 01:58:23,67.45,153.6833,-29.7,95,100,4.32
329,Lianran,CN,2022-11-28 01:58:24,24.9227,102.485,55.94,71,2,4.72
330,Ust-Maya,RU,2022-11-28 01:58:24,60.4167,134.5333,-38.49,97,100,1.03
331,Noyabrsk,RU,2022-11-28 01:58:25,63.1994,75.4507,-8.34,92,99,10.42
332,Williams Lake,CA,2022-11-28 01:53:52,52.1415,-122.1445,21.06,64,100,21.85
333,Olafsvik,IS,2022-11-28 01:58:25,64.8945,-23.7142,37.08,65,54,18.25
334,Omsukchan,RU,2022-11-28 01:58:26,62.5333,155.8,-3.3,99,100,7.87
335,Manacapuru,BR,2022-11-28 01:58:26,-3.2997,-60.6206,79.61,75,99,3.49
336,Bereda,ES,2022-11-28 01:58:26,43.2686,-7.5406,45.41,100,87,3.69
337,Tabou,CI,2022-11-28 01:58:27,4.423,-7.3528,77.02,86,6,7.18
338,Edd,ER,2022-11-28 01:58:27,13.9297,41.6925,80.29,52,4,9.84
339,Ler,SS,2022-11-28 01:58:28,8.3018,30.1418,76.32,36,89,3.24
340,Sibolga,ID,2022-11-28 01:58:28,1.7427,98.7792,82.35,67,100,1.48
341,Huancavelica,PE,2022-11-28 01:58:29,-12.7667,-74.9833,39.61,91,100,2.04
342,Vilcun,CL,2022-11-28 01:58:29,-38.65,-72.2333,59.74,80,0,1.19
343,Puerto Ayora,EC,2022-11-28 01:58:29,-0.7393,-90.3518,68.56,93,49,1.01
344,Kalemie,CD,2022-11-28 01:58:30,-5.9475,29.1947,67.75,92,100,6.89
345,Hobyo,SO,2022-11-28 01:58:30,5.3505,48.5268,79.84,74,89,11.3
346,Moussoro,TD,2022-11-28 01:58:30,13.6408,16.4901,68.76,19,99,9.08
347,Muroto,JP,2022-11-28 01:58:31,33.2833,134.15,66.96,62,96,7.4
348,Surt,LY,2022-11-28 01:58:31,31.2089,16.5887,64.83,71,15,14.97
349,Diego De Almagro,CL,2022-11-28 01:58:32,-26.3667,-70.05,65.39,56,0,1.79
350,Port Hardy,CA,2022-11-28 01:58:32,50.6996,-127.4199,37.58,93,75,6.91
351,Sur,OM,2022-11-28 01:58:32,22.5667,59.5289,75.04,60,66,2.35
352,Dourbali,TD,2022-11-28 01:58:33,11.8091,15.8632,68.63,26,72,8.05
353,Saldanha,ZA,2022-11-28 01:58:33,-33.0117,17.9442,62.65,76,15,8.97
354,Coihaique,CL,2022-11-28 01:54:00,-45.5752,-72.0662,63.21,63,0,3.44
355,Bermejo,AR,2022-11-28 01:58:34,-32.8833,-68.8,85.91,25,75,8.05
356,Hofn,IS,2022-11-28 01:58:34,64.2539,-15.2082,40.77,62,100,9.42
357,Hillsborough,US,2022-11-28 01:54:15,37.5741,-122.3794,58.28,79,75,10.36
358,Flinders,AU,2022-11-28 01:58:35,-34.5833,150.8552,73.18,67,68,5.01
359,Pacific Grove,US,2022-11-28 01:58:35,36.6177,-121.9166,55.02,87,100,1.99
360,Jinji,CN,2022-11-28 01:58:36,23.2281,110.8261,79.95,77,96,4.25
361,Codrington,AU,2022-11-28 01:58:36,-38.2667,141.9667,61.0,60,97,18.12
362,Fujin,CN,2022-11-28 01:58:36,47.26,132.0322,17.28,67,65,2.55
363,Rishikesh,IN,2022-11-28 01:58:37,30.1167,78.3167,58.91,54,0,4.74
364,Arlit,NE,2022-11-28 01:59:37,18.7369,7.3853,69.82,25,100,6.96
365,Pangnirtung,CA,2022-11-28 01:59:38,66.1451,-65.7125,6.35,75,100,4.85
366,Mokhsogollokh,RU,2022-11-28 01:59:38,61.4681,128.9203,-32.57,98,92,3.04
367,Zhezkazgan,KZ,2022-11-28 01:59:38,47.8043,67.7144,3.18,55,0,22.37
368,Saint Anthony,US,2022-11-28 01:59:39,45.0205,-93.218,32.32,78,0,2.93
369,Katherine,AU,2022-11-28 01:59:39,-14.4667,132.2667,88.12,66,75,9.22
370,Karpathos,GR,2022-11-28 01:59:39,35.507,27.2132,66.16,72,100,17.27
371,Clarence Town,AU,2022-11-28 01:59:40,-32.5833,151.7833,73.94,62,99,8.61
372,Longyearbyen,SJ,2022-11-28 01:59:40,78.2186,15.6401,28.24,80,0,3.44
373,Bambous Virieux,MU,2022-11-28 01:59:40,-20.3428,57.7575,71.22,83,75,2.3
374,Sultanpur,IN,2022-11-28 01:59:41,26.2667,82.0667,62.6,52,0,0.56
375,Sangar,RU,2022-11-28 01:59:41,63.9242,127.4739,-40.04,97,96,3.15
376,Maputo,MZ,2022-11-28 01:59:41,-25.9653,32.5892,69.48,88,40,15.01
377,Maningrida,AU,2022-11-28 01:59:42,-12.0667,134.2667,89.94,51,100,4.9
378,Glace Bay,CA,2022-11-28 01:59:42,46.1969,-59.957,35.58,94,20,5.75
379,Chitapur,IN,2022-11-28 01:59:43,17.1167,77.0833,68.9,57,8,4.5
380,Kaniama,CD,2022-11-28 01:59:43,-7.5667,24.1833,64.98,98,100,2.53
381,Rawson,AR,2022-11-28 01:59:43,-43.3002,-65.1023,66.31,74,99,16.28
382,Acari,PE,2022-11-28 01:59:44,-15.4311,-74.6158,68.52,82,100,4.32
383,Alanya,TR,2022-11-28 01:56:42,36.5438,31.9998,60.84,41,100,5.79
384,Lake Cowichan,CA,2022-11-28 01:59:44,48.825,-124.0546,40.78,96,94,2.42
385,Luena,AO,2022-11-28 01:59:45,-11.7833,19.9167,59.63,98,100,3.71
386,Paamiut,GL,2022-11-28 01:59:45,61.994,-49.6678,30.07,86,100,16.2
387,Olga,RU,2022-11-28 01:59:45,43.7444,135.2892,33.3,60,100,1.95
388,Jasper,US,2022-11-28 01:59:46,37.2001,-94.3502,39.24,89,50,4.56
389,Gat,IL,2022-11-28 01:59:46,31.61,34.7642,63.39,100,47,2.24
390,Ketchikan,US,2022-11-28 01:57:23,55.3422,-131.6461,31.39,82,9,4.09
391,Mungaa,TZ,2022-11-28 01:59:47,-4.9667,34.8833,63.12,73,93,8.52
392,Lidkoping,SE,2022-11-28 01:59:47,58.5052,13.1577,41.41,91,100,11.14
393,Gubkinskiy,RU,2022-11-28 01:59:47,64.434,76.5026,-7.17,90,86,9.22
394,Boguchany,RU,2022-11-28 01:59:48,58.3814,97.4531,-11.38,97,100,9.26
395,Chapais,CA,2022-11-28 01:59:48,49.7834,-74.8492,26.38,97,100,4.29
396,Aasiaat,GL,2022-11-28 01:59:49,68.7098,-52.8699,8.76,97,100,7.2
397,Morant Bay,JM,2022-11-28 01:59:49,17.8815,-76.4093,82.02,85,7,8.55
398,Coquimbo,CL,2022-11-28 01:59:49,-29.9533,-71.3436,60.53,82,75,5.75
399,Machali,CL,2022-11-28 01:59:50,-34.1833,-70.6667,66.63,65,0,2.28
400,Qasigiannguit,GL,2022-11-28 01:59:50,68.8193,-51.1922,4.3,84,54,4.81
401,Ixtapa,MX,2022-11-28 01:59:50,20.7,-105.2,74.23,81,0,2.44
402,Port Hueneme,US,2022-11-28 01:59:51,34.1478,-119.1951,62.46,83,100,4.25
403,Kavaratti,IN,2022-11-28 01:59:51,10.5669,72.642,80.85,74,89,5.77
404,Fare,PF,2022-11-28 01:59:51,-16.7,-151.0167,79.23,71,4,9.93
405,Yerbogachen,RU,2022-11-28 01:59:52,61.2767,108.0108,-14.51,95,100,9.73
406,Abha,SA,2022-11-28 01:59:52,18.2164,42.5053,49.82,61,0,0.0
407,Belmonte,BR,2022-11-28 01:59:52,-15.8631,-38.8828,74.95,95,100,12.59
408,Berlevag,NO,2022-11-28 01:59:53,70.8578,29.0864,31.95,80,16,11.5
409,Uvat,RU,2022-11-28 01:59:53,59.1433,68.8953,-6.09,87,88,7.4
410,Seddon,AU,2022-11-28 01:59:54,-37.8068,144.8916,64.15,57,75,12.66
411,Great Falls,US,2022-11-28 02:00:00,47.5002,-111.3008,32.45,54,0,17.27
412,Temerloh,MY,2022-11-28 02:00:54,3.4483,102.4176,81.05,81,76,2.46
413,Montague,US,2022-11-28 02:00:55,42.5356,-72.5351,50.58,82,100,4.83
414,Kenai,US,2022-11-28 01:57:24,60.5544,-151.2583,15.15,82,98,8.95
415,Toledo,ES,2022-11-28 02:00:22,39.8333,-4.0,52.11,65,91,6.71
416,Namibe,AO,2022-11-28 02:00:56,-15.1961,12.1522,69.58,83,100,4.09
417,Rebrikha,RU,2022-11-28 02:00:56,53.0733,82.3408,-16.56,97,5,4.12
418,Bambanglipuro,ID,2022-11-28 02:00:57,-7.95,110.2833,76.98,89,100,2.89
419,Lewisporte,CA,2022-11-28 02:00:58,49.2499,-55.0482,36.55,96,100,7.11
420,Samarinda,ID,2022-11-28 02:00:19,-0.5,117.15,82.11,76,100,1.95
421,Meulaboh,ID,2022-11-28 02:00:58,4.1363,96.1285,79.56,78,100,2.51
422,Shelburne,CA,2022-11-28 02:00:55,44.0787,-80.2041,35.76,99,100,10.94
423,Lompoc,US,2022-11-28 02:00:59,34.6391,-120.4579,57.78,78,100,1.01
424,Georgiyevka,KZ,2022-11-28 02:01:00,43.0369,74.7114,19.44,63,75,6.71
425,Hinganghat,IN,2022-11-28 02:01:00,20.5667,78.8333,60.35,54,0,4.63
426,Kindu,CD,2022-11-28 02:01:01,-2.95,25.95,66.69,97,100,0.83
427,Severodvinsk,RU,2022-11-28 02:01:01,64.5635,39.8302,6.91,88,100,7.72
428,Santa Rosa,PH,2022-11-28 02:01:02,14.3122,121.1114,89.1,66,21,13.22
429,Kuryk,KZ,2022-11-28 02:01:02,43.2,51.65,45.95,64,100,5.53
430,Camacha,PT,2022-11-28 02:01:02,33.0833,-16.3333,65.62,77,40,13.8
431,Rio Gallegos,AR,2022-11-28 02:01:03,-51.6226,-69.2181,49.6,74,45,13.2
432,Codajas,BR,2022-11-28 02:01:03,-3.8367,-62.0569,73.67,93,100,2.44
433,Kati,ML,2022-11-28 02:01:04,12.7441,-8.0726,65.61,22,100,3.91
434,Roanoke Rapids,US,2022-11-28 02:01:04,36.4615,-77.6542,66.85,94,0,13.8
435,Assare,BR,2022-11-28 02:01:05,-6.8744,-39.875,76.21,54,63,2.8
436,Wamba,NG,2022-11-28 02:01:05,8.9333,8.6,72.1,43,53,4.59
437,Port Lincoln,AU,2022-11-28 02:01:05,-34.7333,135.8667,62.74,53,72,13.47
438,Juarez,MX,2022-11-28 02:01:06,31.7333,-106.4833,56.86,21,0,3.0
439,Nepa Nagar,IN,2022-11-28 02:01:06,21.4667,76.4,61.47,51,0,2.39
440,Nouakchott,MR,2022-11-28 02:00:14,18.0858,-15.9785,66.13,35,0,11.65
441,Belomorsk,RU,2022-11-28 02:01:07,64.5232,34.7668,18.09,94,100,6.08
442,Hervey Bay,AU,2022-11-28 02:01:07,-25.2986,152.8535,77.86,72,100,16.04
443,Kokoda,PG,2022-11-28 02:01:08,-8.8785,147.7407,83.07,68,99,2.42
444,Port Augusta,AU,2022-11-28 02:01:08,-32.5,137.7667,69.3,41,23,14.03
445,Ciudad Bolivar,VE,2022-11-28 02:01:09,8.1222,-63.5497,74.25,92,100,13.09
446,Saint-Pierre,RE,2022-11-28 02:01:09,-21.3393,55.4781,72.91,64,75,6.91
447,Sept-Iles,CA,2022-11-28 02:00:20,50.2001,-66.3821,27.05,96,100,5.5
448,Remontnoye,RU,2022-11-28 02:01:10,46.5614,43.6501,36.64,70,100,9.13
449,Hualmay,PE,2022-11-28 02:01:10,-11.0964,-77.6139,66.54,85,86,8.52
450,Svarstad,NO,2022-11-28 02:01:11,59.399,9.9698,44.82,45,100,1.99
451,Powell River,CA,2022-11-28 02:01:11,49.8496,-124.5361,42.08,78,90,5.55
452,Beeville,US,2022-11-28 02:01:12,28.4008,-97.7483,66.29,82,0,5.75
453,Lumphat,KH,2022-11-28 02:01:12,13.4878,106.9816,81.28,80,42,1.21
454,Elizabeth City,US,2022-11-28 02:02:13,36.2946,-76.2511,70.02,94,0,1.99
455,Harper,LR,2022-11-28 02:02:13,4.375,-7.7169,77.68,83,7,7.72
456,Moerai,PF,2022-11-28 02:02:14,-22.4333,-151.3333,74.39,84,77,20.76
457,White Settlement,US,2022-11-28 02:02:14,32.7596,-97.4584,54.18,75,0,9.22
458,Cam Ranh,VN,2022-11-28 02:02:15,11.9214,109.1591,84.16,70,20,2.3
459,Garden City,US,2022-11-28 02:02:15,42.3256,-83.331,41.95,90,75,11.1
460,Tagusao,PH,2022-11-28 02:02:16,9.1924,117.8141,84.43,68,12,3.78
461,Kudahuvadhoo,MV,2022-11-28 02:02:16,2.6708,72.8944,80.62,70,21,7.99
462,Kichmengskiy Gorodok,RU,2022-11-28 02:02:17,59.9816,45.7854,7.5,98,79,1.9
463,San-Pedro,CI,2022-11-28 02:02:17,4.7485,-6.6363,76.55,88,4,5.86
464,Bodden Town,KY,2022-11-28 02:02:18,19.2833,-81.25,80.92,89,92,1.01
465,Beisfjord,NO,2022-11-28 02:02:18,68.3751,17.5988,35.65,82,89,9.57
466,Saint-Leu,RE,2022-11-28 02:02:19,-21.15,55.2833,72.43,69,100,3.27
467,Howard Springs,AU,2022-11-28 02:02:19,-12.497,131.047,78.71,93,100,4.47
468,Hami,CN,2022-11-28 02:02:20,42.8,93.45,7.81,34,0,9.78
469,Bandarbeyla,SO,2022-11-28 02:02:20,9.4942,50.8122,77.23,75,99,15.9
470,Itacare,BR,2022-11-28 02:02:21,-14.2775,-38.9967,75.85,93,100,9.6
471,Rantepao,ID,2022-11-28 02:02:21,-2.9701,119.8978,81.79,59,100,2.37
472,Jieshi,CN,2022-11-28 02:02:22,22.8134,115.8257,74.05,90,100,9.15
473,Narsaq,GL,2022-11-28 02:02:22,60.9167,-46.05,26.82,80,98,8.48
474,Tucuma,BR,2022-11-28 02:02:23,-0.1833,-50.05,78.24,84,95,7.27
475,Clovis,US,2022-11-28 01:57:40,36.8252,-119.7029,58.84,55,100,2.15
476,Itacoatiara,BR,2022-11-28 02:00:51,-3.1431,-58.4442,76.05,83,85,1.77
477,Olinda,BR,2022-11-28 02:02:23,-8.0089,-34.8553,78.48,76,77,11.36
478,Dudinka,RU,2022-11-28 02:02:24,69.4058,86.1778,2.62,97,100,11.36
479,Partenit,UA,2022-11-28 02:02:24,44.578,34.3446,49.86,88,100,9.6
480,Shangzhi,CN,2022-11-28 02:02:25,45.2167,127.9667,18.54,88,100,8.3
481,Gornopravdinsk,RU,2022-11-28 02:02:25,60.05,69.9,-5.67,88,100,6.87
482,Port Pirie,AU,2022-11-28 02:02:26,-33.1833,138.0167,66.13,47,72,13.69
483,Slonim,BY,2022-11-28 02:02:26,53.0867,25.3219,27.5,97,100,3.58
484,Kurtalan,TR,2022-11-28 02:02:27,37.9272,41.7028,48.07,72,100,2.82
485,Tura,IN,2022-11-28 02:02:27,25.5198,90.2201,64.33,68,0,2.06
486,Santiago,CL,2022-11-28 02:00:06,-33.4569,-70.6483,74.55,53,0,4.25
487,Ossora,RU,2022-11-28 02:02:28,59.2353,163.0719,33.82,93,100,27.34
488,Tema,GH,2022-11-28 02:02:28,5.667,-0.0166,79.43,82,12,9.55
489,Port-Gentil,GA,2022-11-28 02:02:29,-0.7193,8.7815,79.16,82,100,7.18
490,Cerritos,US,2022-11-28 02:02:30,33.8583,-118.0648,64.47,81,0,4.61
491,Fort Nelson,CA,2022-11-28 02:02:30,58.8053,-122.7002,12.94,85,100,4.0
492,Maralal,KE,2022-11-28 02:02:31,1.0968,36.698,56.34,90,90,5.3
493,Lac Du Bonnet,CA,2022-11-28 02:02:31,50.2536,-96.0612,27.5,89,100,8.9
494,Sobolevo,RU,2022-11-28 02:02:32,54.4299,31.8996,29.1,98,99,7.38
495,Kashiwazaki,JP,2022-11-28 01:59:43,37.3667,138.55,55.13,54,100,5.99
496,Vila,PT,2022-11-28 02:02:32,42.0304,-8.1588,38.28,95,46,2.59
497,La Mira,MX,2022-11-28 02:02:33,18.035,-102.3266,76.21,81,1,4.03
498,Fossano,IT,2022-11-28 02:02:33,44.5489,7.7201,44.24,100,75,3.44
499,Puro,PH,2022-11-28 02:02:34,12.4841,123.3827,83.08,76,100,11.3
500,Magistralnyy,RU,2022-11-28 02:03:34,56.1725,107.4458,-12.01,81,100,4.25
501,Pilar,BR,2022-11-28 02:03:35,-9.5972,-35.9567,75.13,88,36,5.32
502,Monrovia,LR,2022-11-28 02:03:35,6.3005,-10.7969,77.32,84,90,7.58
503,Mayo,US,2022-11-28 02:03:35,38.8876,-76.5119,59.18,90,20,6.91
504,Banyo,CM,2022-11-28 02:03:36,6.75,11.8167,64.02,46,66,4.03
505,Izumo,JP,2022-11-28 02:02:45,35.3667,132.7667,65.64,47,7,3.42
506,Luang Prabang,LA,2022-11-28 02:03:36,19.8856,102.1347,79.18,74,20,1.74
507,Ashdod,IL,2022-11-28 02:03:37,31.8167,34.65,61.21,74,47,3.04
508,Eyl,SO,2022-11-28 02:03:37,7.9803,49.8164,76.12,80,99,10.16
509,Maniitsoq,GL,2022-11-28 02:03:37,65.4167,-52.9,31.66,68,100,15.84
510,Caluquembe,AO,2022-11-28 02:03:38,-13.7833,14.6833,59.58,97,100,4.43
511,Dumas,US,2022-11-28 02:00:58,35.8656,-101.9732,33.53,74,0,8.05
512,Aromashevo,RU,2022-11-28 02:03:38,56.8602,68.6375,-8.75,89,8,7.25
513,Cockburn Town,TC,2022-11-28 02:03:39,21.4612,-71.1419,80.4,71,11,15.37
514,Broken Hill,AU,2022-11-28 02:03:39,-31.95,141.4333,67.44,39,4,9.93
515,Price,US,2022-11-28 02:03:39,39.5994,-110.8107,31.12,50,0,8.05
516,Waterbury,US,2022-11-28 02:03:40,41.5582,-73.0515,58.78,96,100,12.66
517,Nuuk,GL,2022-11-28 02:00:33,64.1835,-51.7216,30.31,75,100,9.73
518,Sarahan,IN,2022-11-28 02:03:41,31.5167,77.8,43.86,19,71,9.04
519,Santiago Del Estero,AR,2022-11-28 02:03:41,-27.7951,-64.2615,82.2,26,45,5.95
520,Rio Grande,BR,2022-11-28 02:03:41,-32.035,-52.0986,68.61,89,0,12.86
521,Okhotsk,RU,2022-11-28 02:03:42,59.3833,143.3,-2.45,81,90,24.74
522,Tuatapere,NZ,2022-11-28 02:03:42,-46.1333,167.6833,63.41,48,57,1.68
523,Kununurra,AU,2022-11-28 02:03:43,-15.7667,128.7333,89.58,66,100,9.22
524,Cabras,IT,2022-11-28 02:03:43,39.93,8.5314,47.98,76,57,6.62
525,Comodoro Rivadavia,AR,2022-11-28 02:03:43,-45.8667,-67.5,59.7,73,100,2.33
526,Prince Rupert,CA,2022-11-28 02:03:44,54.3161,-130.3201,32.81,78,8,4.32
527,Dunedin,NZ,2022-11-28 02:03:44,-45.8742,170.5036,58.8,70,33,1.99
528,Sarangani,PH,2022-11-28 02:03:45,5.4033,125.4636,82.36,74,60,1.39
529,Beloha,MG,2022-11-28 02:03:45,-25.1667,45.05,70.68,83,46,5.61
530,Mutare,ZW,2022-11-28 02:03:46,-18.9707,32.6709,63.54,98,100,2.3
531,Puerto Carreno,CO,2022-11-28 02:03:46,6.189,-67.4859,76.66,89,100,1.66
532,Prieska,ZA,2022-11-28 02:03:47,-29.6641,22.7474,67.12,52,0,16.37
533,Elko,US,2022-11-28 02:00:49,41.0002,-115.5012,28.06,84,100,5.01
534,Praia Da Vitoria,PT,2022-11-28 02:03:47,38.7333,-27.0667,65.75,95,100,24.65
535,Karla,EE,2022-11-28 02:03:48,59.3723,24.9275,29.98,87,100,4.61
536,Bogo,PH,2022-11-28 02:01:02,11.0517,124.0055,83.19,77,100,7.76
537,Nelson Bay,AU,2022-11-28 02:03:48,-32.7167,152.15,74.08,75,99,8.99
538,Tay Ninh,VN,2022-11-28 02:03:48,11.3,106.1,81.75,78,37,7.18
539,Aksarka,RU,2022-11-28 02:03:49,66.5606,67.7975,-1.16,95,25,5.08
540,Tete,MZ,2022-11-28 02:03:49,-16.1564,33.5867,78.89,69,20,4.61
541,Oskemen,KZ,2022-11-28 02:03:50,49.9565,82.6119,-36.08,66,75,0.0
542,Jurado,CO,2022-11-28 02:03:50,7.1053,-77.7641,75.22,93,97,4.18
543,Piranhas,BR,2022-11-28 02:03:50,-16.4269,-51.8222,74.59,73,18,2.26
544,Muisne,EC,2022-11-28 02:03:51,0.6,-80.0333,74.32,83,100,7.7
545,Zhigansk,RU,2022-11-28 02:03:51,66.7697,123.3711,-26.32,96,100,12.73
546,Gangawati,IN,2022-11-28 02:04:52,15.4333,76.5333,72.99,81,12,6.11
547,Haines Junction,CA,2022-11-28 02:04:52,60.7522,-137.5108,5.02,96,93,3.76
548,Parabel,RU,2022-11-28 02:04:53,58.6978,81.4825,-4.36,88,100,7.78
549,Vallenar,CL,2022-11-28 02:04:53,-28.5708,-70.7581,67.21,67,0,3.47
550,Asfi,MA,2022-11-28 02:04:54,32.2994,-9.2372,62.56,90,35,14.07
551,Sulangan,PH,2022-11-28 02:04:54,11.1373,123.7228,83.03,77,100,9.86
552,Havre-Saint-Pierre,CA,2022-11-28 02:04:55,50.2334,-63.5986,30.56,100,100,3.44
553,Marienburg,PL,2022-11-28 02:04:55,54.0359,19.0266,37.85,90,76,5.32
554,Abu Dhabi,AE,2022-11-28 02:04:55,24.4667,54.3667,78.96,73,0,1.01
555,Gigmoto,PH,2022-11-28 02:04:56,13.7796,124.39,82.96,81,100,10.31
556,Larsnes,NO,2022-11-28 02:04:56,62.2028,5.5773,50.41,74,84,8.43
557,Omaruru,NA,2022-11-28 02:04:56,-21.4333,15.9333,62.83,31,3,1.39
558,Verkhnevilyuysk,RU,2022-11-28 02:04:57,63.4453,120.3167,-21.82,94,61,6.13
559,Dhidhdhoo,MV,2022-11-28 02:04:57,6.8833,73.1,80.87,71,86,7.47
560,Safford,US,2022-11-28 02:04:58,32.834,-109.7076,47.32,25,0,3.44
561,Guozhen,CN,2022-11-28 02:04:59,34.3659,107.359,40.26,48,98,9.15
562,Elmshorn,DE,2022-11-28 02:04:59,53.75,9.65,42.49,90,100,3.0
563,Kuytun,RU,2022-11-28 02:04:59,54.3419,101.5036,-7.8,89,100,10.63
564,Teya,RU,2022-11-28 02:05:00,60.3778,92.6267,-13.09,97,100,4.0
565,Fairbanks,US,2022-11-28 02:05:00,64.8378,-147.7164,8.6,85,100,0.0
566,Ziro,IN,2022-11-28 02:05:01,27.6333,93.8333,41.74,50,2,2.48
567,Saint-Francois,FR,2022-11-28 02:05:01,46.4154,3.9054,38.68,93,100,3.44
